symbol,name,sector,exchange,region,universe
A,Agilent Technologies,Health Care,,US,SP500
AAPL,Apple Inc.,Information Technology,,US,SP500
ABBV,AbbVie,Health Care,,US,SP500
ABEV,Ambev SA,Consumer Staples,NYSE,Brazil,GLOBAL_ADR
ABNB,Airbnb,Consumer Discretionary,,US,SP500
ABT,Abbott Laboratories,Health Care,,US,SP500
ACGL,Arch Capital Group,Financials,,US,SP500
ACN,Accenture,Information Technology,,US,SP500
ADBE,Adobe Inc.,Information Technology,,US,SP500
ADI,Analog Devices,Information Technology,,US,SP500
ADM,Archer Daniels Midland,Consumer Staples,,US,SP500
ADP,Automatic Data Processing,Industrials,,US,SP500
ADSK,Autodesk,Information Technology,,US,SP500
AEE,Ameren,Utilities,,US,SP500
AEP,American Electric Power,Utilities,,US,SP500
AES,AES Corporation,Utilities,,US,SP500
AFL,Aflac,Financials,,US,SP500
AIG,American International Group,Financials,,US,SP500
AIZ,Assurant,Financials,,US,SP500
AJG,Arthur J. Gallagher & Co.,Financials,,US,SP500
AKAM,Akamai Technologies,Information Technology,,US,SP500
ALB,Albemarle Corporation,Materials,,US,SP500
ALGN,Align Technology,Health Care,,US,SP500
ALL,Allstate,Financials,,US,SP500
ALLE,Allegion,Industrials,,US,SP500
ALNY,Alnylam Pharmaceuticals,,NASDAQ,US,NDX100
AMAT,Applied Materials,Information Technology,,US,SP500
AMCR,Amcor,Materials,,US,SP500
AMD,Advanced Micro Devices,Information Technology,,US,SP500
AME,Ametek,Industrials,,US,SP500
AMGN,Amgen,Health Care,,US,SP500
AMP,Ameriprise Financial,Financials,,US,SP500
AMT,American Tower,Real Estate,,US,SP500
AMZN,Amazon,Consumer Discretionary,,US,SP500
ANET,Arista Networks,Information Technology,,US,SP500
AON,Aon plc,Financials,,US,SP500
AOS,A. O. Smith,Industrials,,US,SP500
APA,APA Corporation,Energy,,US,SP500
APD,Air Products,Materials,,US,SP500
APH,Amphenol,Information Technology,,US,SP500
APO,Apollo Global Management,Financials,,US,SP500
APP,AppLovin,Information Technology,,US,SP500
APTV,Aptiv,Consumer Discretionary,,US,SP500
ARCO,Arcos Dorados,Consumer Disc,NYSE,Latin America,GLOBAL_ADR
ARE,Alexandria Real Estate Equities,Real Estate,,US,SP500
ARES,Ares Management,Financials,,US,SP500
ARM,Arm Holdings,,NASDAQ,US,NDX100
ASML,ASML Holding,,NASDAQ,US,NDX100
ASX,ASE Technology,Technology,NYSE,Taiwan,GLOBAL_ADR
ATO,Atmos Energy,Utilities,,US,SP500
AU,AngloGold Ashanti,Materials,NYSE,South Africa,GLOBAL_ADR
AVB,AvalonBay Communities,Real Estate,,US,SP500
AVGO,Broadcom,Information Technology,,US,SP500
AVY,Avery Dennison,Materials,,US,SP500
AWK,American Water Works,Utilities,,US,SP500
AXON,Axon Enterprise,Industrials,,US,SP500
AXP,American Express,Financials,,US,SP500
AZN,AstraZeneca,Healthcare,NASDAQ,Europe,GLOBAL_ADR
AZO,AutoZone,Consumer Discretionary,,US,SP500
BA,Boeing,Industrials,,US,SP500
BABA,Alibaba Group,Technology,NYSE,China,GLOBAL_ADR
BAC,Bank of America,Financials,,US,SP500
BALL,Ball Corporation,Materials,,US,SP500
BAX,Baxter International,Health Care,,US,SP500
BBD-B,Bombardier,Industrials,NYSE,Canada,GLOBAL_ADR
BBY,Best Buy,Consumer Discretionary,,US,SP500
BDX,Becton Dickinson,Health Care,,US,SP500
BEN,Franklin Resources,Financials,,US,SP500
BF-B,Brown–Forman,Consumer Staples,,US,SP500
BG,Bunge Global,Consumer Staples,,US,SP500
BHP,BHP Group,Materials,NYSE,Australia,GLOBAL_ADR
BIDU,Baidu,Technology,NASDAQ,China,GLOBAL_ADR
BIIB,Biogen,Health Care,,US,SP500
BK,BNY Mellon,Financials,,US,SP500
BKNG,Booking Holdings,Consumer Discretionary,,US,SP500
BKR,Baker Hughes,Energy,,US,SP500
BLDR,Builders FirstSource,Industrials,,US,SP500
BLK,BlackRock,Financials,,US,SP500
BMY,Bristol Myers Squibb,Health Care,,US,SP500
BP,BP plc,Energy,NYSE,Europe,GLOBAL_ADR
BR,Broadridge Financial Solutions,Industrials,,US,SP500
BRK-B,Berkshire Hathaway,Financials,,US,SP500
BRO,Brown & Brown,Financials,,US,SP500
BSBR,Banco Bradesco,Financials,NYSE,Brazil,GLOBAL_ADR
BSX,Boston Scientific,Health Care,,US,SP500
BTI,British American Tobacco,Consumer Staples,NYSE,Europe,GLOBAL_ADR
BX,Blackstone Inc.,Financials,,US,SP500
BXP,"BXP, Inc.",Real Estate,,US,SP500
C,Citigroup,Financials,,US,SP500
CAG,Conagra Brands,Consumer Staples,,US,SP500
CAH,Cardinal Health,Health Care,,US,SP500
CARR,Carrier Global,Industrials,,US,SP500
CAT,Caterpillar Inc.,Industrials,,US,SP500
CB,Chubb Limited,Financials,,US,SP500
CBOE,Cboe Global Markets,Financials,,US,SP500
CBRE,CBRE Group,Real Estate,,US,SP500
CCEP,Coca-Cola Europacific Partners,,NASDAQ,US,NDX100
CCI,Crown Castle,Real Estate,,US,SP500
CCL,Carnival,Consumer Discretionary,,US,SP500
CDNS,Cadence Design Systems,Information Technology,,US,SP500
CDW,CDW Corporation,Information Technology,,US,SP500
CEG,Constellation Energy,Utilities,,US,SP500
CF,CF Industries,Materials,,US,SP500
CFG,Citizens Financial Group,Financials,,US,SP500
CHD,Church & Dwight,Consumer Staples,,US,SP500
CHRW,C.H. Robinson,Industrials,,US,SP500
CHTR,Charter Communications,Communication Services,,US,SP500
CI,Cigna,Health Care,,US,SP500
CIEN,Ciena,Information Technology,,US,SP500
CIG,CEMIG,Utilities,NYSE,Brazil,GLOBAL_ADR
CINF,Cincinnati Financial,Financials,,US,SP500
CL,Colgate-Palmolive,Consumer Staples,,US,SP500
CLX,Clorox,Consumer Staples,,US,SP500
CMCSA,Comcast,Communication Services,,US,SP500
CME,CME Group,Financials,,US,SP500
CMG,Chipotle Mexican Grill,Consumer Discretionary,,US,SP500
CMI,Cummins,Industrials,,US,SP500
CMS,CMS Energy,Utilities,,US,SP500
CNC,Centene Corporation,Health Care,,US,SP500
CNI,Canadian National Railway,Industrials,NYSE,Canada,GLOBAL_ADR
CNP,CenterPoint Energy,Utilities,,US,SP500
COF,Capital One,Financials,,US,SP500
COIN,Coinbase,Financials,,US,SP500
COO,Cooper Companies (The),Health Care,,US,SP500
COP,ConocoPhillips,Energy,,US,SP500
COR,Cencora,Health Care,,US,SP500
COST,Costco,Consumer Staples,,US,SP500
CP,Canadian Pacific Kansas City,Industrials,NYSE,Canada,GLOBAL_ADR
CPAY,Corpay,Financials,,US,SP500
CPB,Campbell's Company (The),Consumer Staples,,US,SP500
CPRT,Copart,Industrials,,US,SP500
CPT,Camden Property Trust,Real Estate,,US,SP500
CRH,CRH plc,Materials,,US,SP500
CRL,Charles River Laboratories,Health Care,,US,SP500
CRM,Salesforce,Information Technology,,US,SP500
CRWD,CrowdStrike,Information Technology,,US,SP500
CS,Credit Suisse,Financials,NYSE,Europe,GLOBAL_ADR
CSCO,Cisco,Information Technology,,US,SP500
CSGP,CoStar Group,Real Estate,,US,SP500
CSX,CSX Corporation,Industrials,,US,SP500
CTAS,Cintas,Industrials,,US,SP500
CTRA,Coterra,Energy,,US,SP500
CTSH,Cognizant,Information Technology,,US,SP500
CTVA,Corteva,Materials,,US,SP500
CVNA,Carvana,Consumer Discretionary,,US,SP500
CVS,CVS Health,Health Care,,US,SP500
CVX,Chevron Corporation,Energy,,US,SP500
D,Dominion Energy,Utilities,,US,SP500
DAL,Delta Air Lines,Industrials,,US,SP500
DASH,DoorDash,Consumer Discretionary,,US,SP500
DB,Deutsche Bank,Financials,NYSE,Europe,GLOBAL_ADR
DD,DuPont,Materials,,US,SP500
DDOG,Datadog,Information Technology,,US,SP500
DE,Deere & Company,Industrials,,US,SP500
DECK,Deckers Brands,Consumer Discretionary,,US,SP500
DELL,Dell Technologies,Information Technology,,US,SP500
DG,Dollar General,Consumer Staples,,US,SP500
DGX,Quest Diagnostics,Health Care,,US,SP500
DHI,D. R. Horton,Consumer Discretionary,,US,SP500
DHR,Danaher Corporation,Health Care,,US,SP500
DIS,Walt Disney Company (The),Communication Services,,US,SP500
DLR,Digital Realty,Real Estate,,US,SP500
DLTR,Dollar Tree,Consumer Staples,,US,SP500
DOC,Healthpeak Properties,Real Estate,,US,SP500
DOV,Dover Corporation,Industrials,,US,SP500
DOW,Dow Inc.,Materials,,US,SP500
DPZ,Domino's,Consumer Discretionary,,US,SP500
DRI,Darden Restaurants,Consumer Discretionary,,US,SP500
DTE,DTE Energy,Utilities,,US,SP500
DUK,Duke Energy,Utilities,,US,SP500
DVA,DaVita,Health Care,,US,SP500
DVN,Devon Energy,Energy,,US,SP500
DXCM,Dexcom,Health Care,,US,SP500
EA,Electronic Arts,Communication Services,,US,SP500
EBAY,eBay Inc.,Consumer Discretionary,,US,SP500
ECL,Ecolab,Materials,,US,SP500
ED,Consolidated Edison,Utilities,,US,SP500
EFX,Equifax,Industrials,,US,SP500
EG,Everest Group,Financials,,US,SP500
EIX,Edison International,Utilities,,US,SP500
EL,Estée Lauder Companies (The),Consumer Staples,,US,SP500
ELV,Elevance Health,Health Care,,US,SP500
EME,Emcor,Industrials,,US,SP500
EMR,Emerson Electric,Industrials,,US,SP500
ENB,Enbridge,Energy,NYSE,Canada,GLOBAL_ADR
ENLAY,Enel SpA,Utilities,OTC,Italy,GLOBAL_ADR
EIPAF,Eni SpA,Energy,OTC,Italy,GLOBAL_ADR
EOG,EOG Resources,Energy,,US,SP500
EPAM,EPAM Systems,Information Technology,,US,SP500
EQIX,Equinix,Real Estate,,US,SP500
EQR,Equity Residential,Real Estate,,US,SP500
EQT,EQT Corporation,Energy,,US,SP500
ERIC,Ericsson,Technology,NASDAQ,Europe,GLOBAL_ADR
ERIE,Erie Indemnity,Financials,,US,SP500
ERJ,Embraer,Industrials,NYSE,Brazil,GLOBAL_ADR
ES,Eversource Energy,Utilities,,US,SP500
ESS,Essex Property Trust,Real Estate,,US,SP500
ETN,Eaton Corporation,Industrials,,US,SP500
ETR,Entergy,Utilities,,US,SP500
EVRG,Evergy,Utilities,,US,SP500
EW,Edwards Lifesciences,Health Care,,US,SP500
EXC,Exelon,Utilities,,US,SP500
EXE,Expand Energy,Energy,,US,SP500
EXPD,Expeditors International,Industrials,,US,SP500
EXPE,Expedia Group,Consumer Discretionary,,US,SP500
EXR,Extra Space Storage,Real Estate,,US,SP500
F,Ford Motor Company,Consumer Discretionary,,US,SP500
FANG,Diamondback Energy,Energy,,US,SP500
FANUY,Fanuc,Industrials,OTC,Japan,GLOBAL_ADR
FAST,Fastenal,Industrials,,US,SP500
FCX,Freeport-McMoRan,Materials,,US,SP500
FDS,FactSet,Financials,,US,SP500
FDX,FedEx,Industrials,,US,SP500
FE,FirstEnergy,Utilities,,US,SP500
FER,Ferrovial,,NASDAQ,US,NDX100
FFIV,"F5, Inc.",Information Technology,,US,SP500
FICO,Fair Isaac,Information Technology,,US,SP500
FIS,Fidelity National Information Services,Financials,,US,SP500
FISV,Fiserv,Financials,,US,SP500
FITB,Fifth Third Bancorp,Financials,,US,SP500
FIX,Comfort Systems USA,Industrials,,US,SP500
FOX,Fox Corporation (Class B),Communication Services,,US,SP500
FOXA,Fox Corporation (Class A),Communication Services,,US,SP500
FRT,Federal Realty Investment Trust,Real Estate,,US,SP500
FSLR,First Solar,Information Technology,,US,SP500
FTNT,Fortinet,Information Technology,,US,SP500
FTV,Fortive,Industrials,,US,SP500
GD,General Dynamics,Industrials,,US,SP500
GDDY,GoDaddy,Information Technology,,US,SP500
GDS,GDS Holdings,Technology,NASDAQ,China,GLOBAL_ADR
GE,GE Aerospace,Industrials,,US,SP500
GEHC,GE HealthCare,Health Care,,US,SP500
GEN,Gen Digital,Information Technology,,US,SP500
GEV,GE Vernova,Industrials,,US,SP500
GFI,Gold Fields,Materials,NYSE,South Africa,GLOBAL_ADR
GILD,Gilead Sciences,Health Care,,US,SP500
GIS,General Mills,Consumer Staples,,US,SP500
GL,Globe Life,Financials,,US,SP500
GLOB,Globant,Technology,NYSE,Latin America,GLOBAL_ADR
GLW,Corning Inc.,Information Technology,,US,SP500
GM,General Motors,Consumer Discretionary,,US,SP500
GNRC,Generac,Industrials,,US,SP500
GOLD,Harmony Gold,Materials,NYSE,South Africa,GLOBAL_ADR
GOOG,Alphabet Inc. (Class C),Communication Services,,US,SP500
GOOGL,Alphabet Inc. (Class A),Communication Services,,US,SP500
GPC,Genuine Parts Company,Consumer Discretionary,,US,SP500
GPN,Global Payments,Financials,,US,SP500
GRMN,Garmin,Consumer Discretionary,,US,SP500
GS,Goldman Sachs,Financials,,US,SP500
GSK,GSK plc,Healthcare,NYSE,Europe,GLOBAL_ADR
GWW,W. W. Grainger,Industrials,,US,SP500
HAL,Halliburton,Energy,,US,SP500
HAS,Hasbro,Consumer Discretionary,,US,SP500
HBAN,Huntington Bancshares,Financials,,US,SP500
HCA,HCA Healthcare,Health Care,,US,SP500
HD,Home Depot (The),Consumer Discretionary,,US,SP500
HDB,HDFC Bank,Financials,NYSE,India,GLOBAL_ADR
HIG,Hartford (The),Financials,,US,SP500
HII,Huntington Ingalls Industries,Industrials,,US,SP500
HIMX,Himax Technologies,Technology,NASDAQ,Taiwan,GLOBAL_ADR
HL,Hecla Mining,Materials,NYSE,South Africa,GLOBAL_ADR
HLT,Hilton Worldwide,Consumer Discretionary,,US,SP500
HMC,Honda Motor,Automotive,NYSE,Japan,GLOBAL_ADR
HOLX,Hologic,Health Care,,US,SP500
HON,Honeywell,Industrials,,US,SP500
HOOD,Robinhood Markets,Financials,,US,SP500
HPE,Hewlett Packard Enterprise,Information Technology,,US,SP500
HPQ,HP Inc.,Information Technology,,US,SP500
HRL,Hormel Foods,Consumer Staples,,US,SP500
HSBC,HSBC Holdings,Financials,NYSE,Europe,GLOBAL_ADR
HSIC,Henry Schein,Health Care,,US,SP500
HST,Host Hotels & Resorts,Real Estate,,US,SP500
HSY,Hershey Company (The),Consumer Staples,,US,SP500
HUBB,Hubbell Incorporated,Industrials,,US,SP500
HUM,Humana,Health Care,,US,SP500
HWM,Howmet Aerospace,Industrials,,US,SP500
IBKR,Interactive Brokers,Financials,,US,SP500
IBM,IBM,Information Technology,,US,SP500
IBN,ICICI Bank,Financials,NYSE,India,GLOBAL_ADR
ICE,Intercontinental Exchange,Financials,,US,SP500
IDXX,Idexx Laboratories,Health Care,,US,SP500
IEX,IDEX Corporation,Industrials,,US,SP500
IFF,International Flavors & Fragrances,Materials,,US,SP500
INCY,Incyte,Health Care,,US,SP500
INFY,Infosys,Technology,NYSE,India,GLOBAL_ADR
ING,ING Group,Financials,NYSE,Europe,GLOBAL_ADR
INSM,Insmed Incorporated,,NASDAQ,US,NDX100
INTC,Intel,Information Technology,,US,SP500
INTU,Intuit,Information Technology,,US,SP500
INVH,Invitation Homes,Real Estate,,US,SP500
IP,International Paper,Materials,,US,SP500
IQ,iQIYI,Communication,NASDAQ,China,GLOBAL_ADR
IQV,IQVIA,Health Care,,US,SP500
IR,Ingersoll Rand,Industrials,,US,SP500
IRM,Iron Mountain,Real Estate,,US,SP500
ISRG,Intuitive Surgical,Health Care,,US,SP500
IT,Gartner,Information Technology,,US,SP500
ITOCY,Itochu Corp,Industrials,OTC,Europe,GLOBAL_ADR
ITUB,Itau Unibanco,Financials,NYSE,Brazil,GLOBAL_ADR
ITW,Illinois Tool Works,Industrials,,US,SP500
IVZ,Invesco,Financials,,US,SP500
IX,ORIX Corporation,Financials,NYSE,Japan,GLOBAL_ADR
J,Jacobs Solutions,Industrials,,US,SP500
JBHT,J.B. Hunt,Industrials,,US,SP500
JBL,Jabil,Information Technology,,US,SP500
JCI,Johnson Controls,Industrials,,US,SP500
JD,JD.com,Consumer Disc,NASDAQ,China,GLOBAL_ADR
JKHY,Jack Henry & Associates,Financials,,US,SP500
JNJ,Johnson & Johnson,Health Care,,US,SP500
JPM,JPMorgan Chase,Financials,,US,SP500
KB,KB Financial Group,Financials,NYSE,South Korea,GLOBAL_ADR
KDP,Keurig Dr Pepper,Consumer Staples,,US,SP500
KEP,Korea Electric Power,Utilities,NYSE,South Korea,GLOBAL_ADR
KEY,KeyCorp,Financials,,US,SP500
KEYS,Keysight Technologies,Information Technology,,US,SP500
KHC,Kraft Heinz,Consumer Staples,,US,SP500
KIM,Kimco Realty,Real Estate,,US,SP500
KKR,KKR & Co.,Financials,,US,SP500
KLAC,KLA Corporation,Information Technology,,US,SP500
KMB,Kimberly-Clark,Consumer Staples,,US,SP500
KMI,Kinder Morgan,Energy,,US,SP500
KO,Coca-Cola Company (The),Consumer Staples,,US,SP500
KR,Kroger,Consumer Staples,,US,SP500
KT,KT Corp,Communication,NYSE,South Korea,GLOBAL_ADR
KVUE,Kenvue,Consumer Staples,,US,SP500
KYOCY,Kyocera,Technology,OTC,Japan,GLOBAL_ADR
L,Loews Corporation,Financials,,US,SP500
LDOS,Leidos,Industrials,,US,SP500
LEN,Lennar,Consumer Discretionary,,US,SP500
LH,Labcorp,Health Care,,US,SP500
LHX,L3Harris,Industrials,,US,SP500
LI,Li Auto,Automotive,NASDAQ,China,GLOBAL_ADR
LII,Lennox International,Industrials,,US,SP500
LIN,Linde plc,Materials,,US,SP500
LLY,Lilly (Eli),Health Care,,US,SP500
LMT,Lockheed Martin,Industrials,,US,SP500
LNT,Alliant Energy,Utilities,,US,SP500
LOW,Lowe's,Consumer Discretionary,,US,SP500
LPL,LG Display,Technology,NYSE,South Korea,GLOBAL_ADR
LRCX,Lam Research,Information Technology,,US,SP500
LULU,Lululemon Athletica,Consumer Discretionary,,US,SP500
LUV,Southwest Airlines,Industrials,,US,SP500
LVS,Las Vegas Sands,Consumer Discretionary,,US,SP500
LW,Lamb Weston,Consumer Staples,,US,SP500
LYB,LyondellBasell,Materials,,US,SP500
LYG,Lloyds Banking Group,Financials,NYSE,Europe,GLOBAL_ADR
LYV,Live Nation Entertainment,Communication Services,,US,SP500
MA,Mastercard,Financials,,US,SP500
MAA,Mid-America Apartment Communities,Real Estate,,US,SP500
MAR,Marriott International,Consumer Discretionary,,US,SP500
MAS,Masco,Industrials,,US,SP500
MCD,McDonald's,Consumer Discretionary,,US,SP500
MCHP,Microchip Technology,Information Technology,,US,SP500
MCK,McKesson Corporation,Health Care,,US,SP500
MCO,Moody's Corporation,Financials,,US,SP500
MDLZ,Mondelez International,Consumer Staples,,US,SP500
MDT,Medtronic,Health Care,,US,SP500
MELI,Mercado Libre,,NASDAQ,US,NDX100
MET,MetLife,Financials,,US,SP500
META,Meta Platforms,Communication Services,,US,SP500
MFC,Manulife Financial,Financials,NYSE,Canada,GLOBAL_ADR
MFG,Mizuho Financial,Financials,NYSE,Japan,GLOBAL_ADR
MGM,MGM Resorts,Consumer Discretionary,,US,SP500
MKC,McCormick & Company,Consumer Staples,,US,SP500
MLM,Martin Marietta Materials,Materials,,US,SP500
MMM,3M,Industrials,,US,SP500
MNST,Monster Beverage,Consumer Staples,,US,SP500
MO,Altria,Consumer Staples,,US,SP500
MOH,Molina Healthcare,Health Care,,US,SP500
MOS,Mosaic Company (The),Materials,,US,SP500
MPC,Marathon Petroleum,Energy,,US,SP500
MPNGY,Meituan,Technology,OTC,China,GLOBAL_ADR
MPWR,Monolithic Power Systems,Information Technology,,US,SP500
MRK,Merck & Co.,Health Care,,US,SP500
MRNA,Moderna,Health Care,,US,SP500
MRSH,Marsh McLennan,Financials,,US,SP500
MRVL,Marvell Technology,,NASDAQ,US,NDX100
MS,Morgan Stanley,Financials,,US,SP500
MSCI,MSCI Inc.,Financials,,US,SP500
MSFT,Microsoft,Information Technology,,US,SP500
MSI,Motorola Solutions,Information Technology,,US,SP500
MSTR,MicroStrategy,,NASDAQ,US,NDX100
MTB,M&T Bank,Financials,,US,SP500
MTCH,Match Group,Communication Services,,US,SP500
MTD,Mettler Toledo,Health Care,,US,SP500
MTN,MTN Group,Communication,OTC,South Africa,GLOBAL_ADR
MU,Micron Technology,Information Technology,,US,SP500
MUFG,Mitsubishi UFJ Financial,Financials,NYSE,Japan,GLOBAL_ADR
NCLH,Norwegian Cruise Line Holdings,Consumer Discretionary,,US,SP500
NDAQ,"Nasdaq, Inc.",Financials,,US,SP500
NDSN,Nordson Corporation,Industrials,,US,SP500
NEE,NextEra Energy,Utilities,,US,SP500
NEM,Newmont,Materials,,US,SP500
NFLX,Netflix,Communication Services,,US,SP500
NI,NiSource,Utilities,,US,SP500
NIO,NIO Inc,Automotive,NYSE,China,GLOBAL_ADR
NKE,"Nike, Inc.",Consumer Discretionary,,US,SP500
NMR,Nomura Holdings,Financials,NYSE,Japan,GLOBAL_ADR
NOC,Northrop Grumman,Industrials,,US,SP500
NOK,Nokia,Technology,NYSE,Europe,GLOBAL_ADR
NOW,ServiceNow,Information Technology,,US,SP500
NRG,NRG Energy,Utilities,,US,SP500
NSC,Norfolk Southern,Industrials,,US,SP500
NTAP,NetApp,Information Technology,,US,SP500
NTDOY,Nintendo,Technology,OTC,Japan,GLOBAL_ADR
NTES,NetEase,Technology,NASDAQ,China,GLOBAL_ADR
NTRS,Northern Trust,Financials,,US,SP500
NU,Nu Holdings,Financials,NYSE,Latin America,GLOBAL_ADR
NUE,Nucor,Materials,,US,SP500
NVDA,Nvidia,Information Technology,,US,SP500
NVO,Novo Nordisk,Healthcare,NYSE,Europe,GLOBAL_ADR
NVR,"NVR, Inc.",Consumer Discretionary,,US,SP500
NWG,NatWest Group,Financials,NYSE,Europe,GLOBAL_ADR
NWS,News Corp (Class B),Communication Services,,US,SP500
NWSA,News Corp (Class A),Communication Services,,US,SP500
NXPI,NXP Semiconductors,Information Technology,,US,SP500
O,Realty Income,Real Estate,,US,SP500
ODFL,Old Dominion,Industrials,,US,SP500
OKE,Oneok,Energy,,US,SP500
OMC,Omnicom Group,Communication Services,,US,SP500
ON,ON Semiconductor,Information Technology,,US,SP500
ORAN,Orange SA,Communication,NYSE,Europe,GLOBAL_ADR
ORCL,Oracle Corporation,Information Technology,,US,SP500
ORLY,O’Reilly Automotive,Consumer Discretionary,,US,SP500
OTIS,Otis Worldwide,Industrials,,US,SP500
OXY,Occidental Petroleum,Energy,,US,SP500
PAGS,PagSeguro,Financials,NYSE,Latin America,GLOBAL_ADR
PANW,Palo Alto Networks,Information Technology,,US,SP500
PAYC,Paycom,Industrials,,US,SP500
PAYX,Paychex,Industrials,,US,SP500
PBR,Petrobras,Energy,NYSE,Brazil,GLOBAL_ADR
PCAR,Paccar,Industrials,,US,SP500
PCG,PG&E Corporation,Utilities,,US,SP500
PDD,PDD Holdings,,NASDAQ,US,NDX100
PEG,Public Service Enterprise Group,Utilities,,US,SP500
PEP,PepsiCo,Consumer Staples,,US,SP500
PFE,Pfizer,Health Care,,US,SP500
PFG,Principal Financial Group,Financials,,US,SP500
PG,Procter & Gamble,Consumer Staples,,US,SP500
PGR,Progressive Corporation,Financials,,US,SP500
PH,Parker Hannifin,Industrials,,US,SP500
PHG,Philips,Healthcare,NYSE,Europe,GLOBAL_ADR
PHM,PulteGroup,Consumer Discretionary,,US,SP500
PKG,Packaging Corporation of America,Materials,,US,SP500
PKX,POSCO Holdings,Materials,NYSE,South Korea,GLOBAL_ADR
PLD,Prologis,Real Estate,,US,SP500
PLTR,Palantir Technologies,Information Technology,,US,SP500
PM,Philip Morris International,Consumer Staples,,US,SP500
PNC,PNC Financial Services,Financials,,US,SP500
PNR,Pentair,Industrials,,US,SP500
PNW,Pinnacle West Capital,Utilities,,US,SP500
PODD,Insulet Corporation,Health Care,,US,SP500
POOL,Pool Corporation,Consumer Discretionary,,US,SP500
PPG,PPG Industries,Materials,,US,SP500
PPL,PPL Corporation,Utilities,,US,SP500
PRU,Prudential Financial,Financials,,US,SP500
PSA,Public Storage,Real Estate,,US,SP500
PSKY,Paramount Skydance Corporation,Communication Services,,US,SP500
PSX,Phillips 66,Energy,,US,SP500
PTC,PTC Inc.,Information Technology,,US,SP500
PWR,Quanta Services,Industrials,,US,SP500
PYPL,PayPal,Financials,,US,SP500
Q,Qnity Electronics,Information Technology,,US,SP500
QCOM,Qualcomm,Information Technology,,US,SP500
RCL,Royal Caribbean Group,Consumer Discretionary,,US,SP500
RDS-A,Shell (legacy),Energy,NYSE,Europe,GLOBAL_ADR
RDY,Dr. Reddy's Laboratories,Healthcare,NYSE,India,GLOBAL_ADR
REG,Regency Centers,Real Estate,,US,SP500
REGN,Regeneron Pharmaceuticals,Health Care,,US,SP500
RF,Regions Financial Corporation,Financials,,US,SP500
RIO,Rio Tinto,Materials,NYSE,Australia,GLOBAL_ADR
RJF,Raymond James Financial,Financials,,US,SP500
RL,Ralph Lauren Corporation,Consumer Discretionary,,US,SP500
RMD,ResMed,Health Care,,US,SP500
ROK,Rockwell Automation,Industrials,,US,SP500
ROL,"Rollins, Inc.",Industrials,,US,SP500
ROP,Roper Technologies,Information Technology,,US,SP500
ROST,Ross Stores,Consumer Discretionary,,US,SP500
RSG,Republic Services,Industrials,,US,SP500
RTX,RTX Corporation,Industrials,,US,SP500
RVTY,Revvity,Health Care,,US,SP500
SAN,Banco Santander,Financials,NYSE,Europe,GLOBAL_ADR
SAP,SAP SE,Technology,NYSE,Europe,GLOBAL_ADR
SBAC,SBA Communications,Real Estate,,US,SP500
SBS,Cia de Saneamento Basico,Utilities,NYSE,Brazil,GLOBAL_ADR
SBUX,Starbucks,Consumer Discretionary,,US,SP500
SCHW,Charles Schwab Corporation,Financials,,US,SP500
SHEL,Shell PLC,Energy,NYSE,Europe,GLOBAL_ADR
SHG,Shinhan Financial,Financials,NYSE,South Korea,GLOBAL_ADR
SHOP,Shopify,,NASDAQ,US,NDX100
SHW,Sherwin-Williams,Materials,,US,SP500
SIFY,Sify Technologies,Technology,NASDAQ,India,GLOBAL_ADR
SJM,J.M. Smucker Company (The),Consumer Staples,,US,SP500
SKM,SK Telecom,Communication,NYSE,South Korea,GLOBAL_ADR
SLB,Schlumberger,Energy,,US,SP500
SLF,Sun Life Financial,Financials,NYSE,Canada,GLOBAL_ADR
SMCI,Supermicro,Information Technology,,US,SP500
SMFG,Sumitomo Mitsui Financial,Financials,NYSE,Japan,GLOBAL_ADR
SNA,Snap-on,Industrials,,US,SP500
SNDK,Sandisk,Information Technology,,US,SP500
SNPS,Synopsys,Information Technology,,US,SP500
SO,Southern Company,Utilities,,US,SP500
SOLV,Solventum,Health Care,,US,SP500
SONY,Sony Group,Technology,NYSE,Japan,GLOBAL_ADR
SPG,Simon Property Group,Real Estate,,US,SP500
SPGI,S&P Global,Financials,,US,SP500
SRE,Sempra,Utilities,,US,SP500
STE,Steris,Health Care,,US,SP500
STLD,Steel Dynamics,Materials,,US,SP500
STM,STMicroelectronics,Technology,NYSE,Europe,GLOBAL_ADR
STNE,StoneCo,Financials,NASDAQ,Latin America,GLOBAL_ADR
STT,State Street Corporation,Financials,,US,SP500
STX,Seagate Technology,Information Technology,,US,SP500
STZ,Constellation Brands,Consumer Staples,,US,SP500
SU,Suncor Energy,Energy,NYSE,Canada,GLOBAL_ADR
SW,Smurfit Westrock,Materials,,US,SP500
SWK,Stanley Black & Decker,Industrials,,US,SP500
SWKS,Skyworks Solutions,Information Technology,,US,SP500
SYF,Synchrony Financial,Financials,,US,SP500
SYK,Stryker Corporation,Health Care,,US,SP500
SYY,Sysco,Consumer Staples,,US,SP500
T,AT&T,Communication Services,,US,SP500
TAP,Molson Coors Beverage Company,Consumer Staples,,US,SP500
TDG,TransDigm Group,Industrials,,US,SP500
TDY,Teledyne Technologies,Information Technology,,US,SP500
TEAM,Atlassian,,NASDAQ,US,NDX100
TECH,Bio-Techne,Health Care,,US,SP500
TEL,TE Connectivity,Information Technology,,US,SP500
TER,Teradyne,Information Technology,,US,SP500
TFC,Truist Financial,Financials,,US,SP500
TGT,Target Corporation,Consumer Staples,,US,SP500
TJX,TJX Companies,Consumer Discretionary,,US,SP500
TKO,TKO Group Holdings,Communication Services,,US,SP500
TM,Toyota Motor,Automotive,NYSE,Japan,GLOBAL_ADR
TME,Tencent Music,Communication,NYSE,China,GLOBAL_ADR
TMO,Thermo Fisher Scientific,Health Care,,US,SP500
TMUS,T-Mobile US,Communication Services,,US,SP500
TOSYY,Toshiba,Industrials,OTC,Japan,GLOBAL_ADR
TPL,Texas Pacific Land Corporation,Energy,,US,SP500
TPR,"Tapestry, Inc.",Consumer Discretionary,,US,SP500
TRGP,Targa Resources,Energy,,US,SP500
TRI,Thomson Reuters,,NASDAQ,US,NDX100
TRMB,Trimble Inc.,Information Technology,,US,SP500
TROW,T. Rowe Price,Financials,,US,SP500
TRP,TC Energy,Energy,NYSE,Canada,GLOBAL_ADR
TRV,Travelers Companies (The),Financials,,US,SP500
TSCO,Tractor Supply,Consumer Discretionary,,US,SP500
TSLA,"Tesla, Inc.",Consumer Discretionary,,US,SP500
TSM,Taiwan Semiconductor,Technology,NYSE,Taiwan,GLOBAL_ADR
TSN,Tyson Foods,Consumer Staples,,US,SP500
TT,Trane Technologies,Industrials,,US,SP500
TTD,Trade Desk (The),Communication Services,,US,SP500
TTE,TotalEnergies,Energy,NYSE,Europe,GLOBAL_ADR
TTWO,Take-Two Interactive,Communication Services,,US,SP500
TXN,Texas Instruments,Information Technology,,US,SP500
TXT,Textron,Industrials,,US,SP500
TYL,Tyler Technologies,Information Technology,,US,SP500
UAL,United Airlines Holdings,Industrials,,US,SP500
UBER,Uber,Industrials,,US,SP500
UBS,UBS Group,Financials,NYSE,Europe,GLOBAL_ADR
UDR,"UDR, Inc.",Real Estate,,US,SP500
UHS,Universal Health Services,Health Care,,US,SP500
UL,Unilever,Consumer Staples,NYSE,Europe,GLOBAL_ADR
ULTA,Ulta Beauty,Consumer Discretionary,,US,SP500
UMC,United Microelectronics,Technology,NYSE,Taiwan,GLOBAL_ADR
UNH,UnitedHealth Group,Health Care,,US,SP500
UNP,Union Pacific Corporation,Industrials,,US,SP500
UPS,United Parcel Service,Industrials,,US,SP500
URI,United Rentals,Industrials,,US,SP500
USB,U.S. Bancorp,Financials,,US,SP500
V,Visa Inc.,Financials,,US,SP500
VALE,Vale SA,Materials,NYSE,Brazil,GLOBAL_ADR
VEDL,Vedanta,Materials,NYSE,India,GLOBAL_ADR
VICI,Vici Properties,Real Estate,,US,SP500
VLO,Valero Energy,Energy,,US,SP500
VLTO,Veralto,Industrials,,US,SP500
VMC,Vulcan Materials Company,Materials,,US,SP500
VNET,VNET Group,Technology,NASDAQ,China,GLOBAL_ADR
VRSK,Verisk Analytics,Industrials,,US,SP500
VRSN,Verisign,Information Technology,,US,SP500
VRTX,Vertex Pharmaceuticals,Health Care,,US,SP500
VST,Vistra Corp.,Utilities,,US,SP500
VTEX,VTEX,Technology,NYSE,Latin America,GLOBAL_ADR
VTR,Ventas,Real Estate,,US,SP500
VTRS,Viatris,Health Care,,US,SP500
VZ,Verizon,Communication Services,,US,SP500
WAB,Wabtec,Industrials,,US,SP500
WAT,Waters Corporation,Health Care,,US,SP500
WB,Weibo,Communication,NASDAQ,China,GLOBAL_ADR
WBD,Warner Bros. Discovery,Communication Services,,US,SP500
WDAY,"Workday, Inc.",Information Technology,,US,SP500
WDC,Western Digital,Information Technology,,US,SP500
WDS,Woodside Energy,Energy,NYSE,Australia,GLOBAL_ADR
WEC,WEC Energy Group,Utilities,,US,SP500
WELL,Welltower,Real Estate,,US,SP500
WFC,Wells Fargo,Financials,,US,SP500
WIT,Wipro,Technology,NYSE,India,GLOBAL_ADR
WM,Waste Management,Industrials,,US,SP500
WMB,Williams Companies,Energy,,US,SP500
WMT,Walmart,Consumer Staples,,US,SP500
WRB,W. R. Berkley Corporation,Financials,,US,SP500
WSM,"Williams-Sonoma, Inc.",Consumer Discretionary,,US,SP500
WST,West Pharmaceutical Services,Health Care,,US,SP500
WTW,Willis Towers Watson,Financials,,US,SP500
WY,Weyerhaeuser,Real Estate,,US,SP500
WYNN,Wynn Resorts,Consumer Discretionary,,US,SP500
XEL,Xcel Energy,Utilities,,US,SP500
XOM,ExxonMobil,Energy,,US,SP500
XPEV,XPeng,Automotive,NYSE,China,GLOBAL_ADR
XYL,Xylem Inc.,Industrials,,US,SP500
XYZ,"Block, Inc.",Financials,,US,SP500
YUM,Yum! Brands,Consumer Discretionary,,US,SP500
YUMC,Yum China,Consumer Disc,NYSE,China,GLOBAL_ADR
ZBH,Zimmer Biomet,Health Care,,US,SP500
ZBRA,Zebra Technologies,Information Technology,,US,SP500
ZS,Zscaler,,NASDAQ,US,NDX100
ZTS,Zoetis,Health Care,,US,SP500
ARKK,ARK Innovation ETF,Technology,NYSE,US,ETF
BOTZ,Global X Robotics & AI ETF,Technology,NASDAQ,US,ETF
DIA,SPDR Dow Jones Industrial ETF,Broad Market,NYSE,US,ETF
DXJ,WisdomTree Japan Hedged Equity ETF,Broad Market,NYSE,Japan,ETF
EEM,iShares MSCI Emerging Markets ETF,Broad Market,NYSE,Emerging Markets,ETF
EFA,iShares MSCI EAFE ETF,Broad Market,NYSE,International,ETF
EWA,iShares MSCI Australia ETF,Broad Market,NYSE,Australia,ETF
EWC,iShares MSCI Canada ETF,Broad Market,NYSE,Canada,ETF
EWG,iShares MSCI Germany ETF,Broad Market,NYSE,Europe,ETF
EWI,iShares MSCI Italy ETF,Broad Market,NYSE,Europe,ETF
EWJ,iShares MSCI Japan ETF,Broad Market,NYSE,Japan,ETF
EWP,iShares MSCI Spain ETF,Broad Market,NYSE,Europe,ETF
EWQ,iShares MSCI France ETF,Broad Market,NYSE,Europe,ETF
EWU,iShares MSCI United Kingdom ETF,Broad Market,NYSE,Europe,ETF
EWT,iShares MSCI Taiwan ETF,Broad Market,NYSE,Taiwan,ETF
EWW,iShares MSCI Mexico ETF,Broad Market,NYSE,Latin America,ETF
EWY,iShares MSCI South Korea ETF,Broad Market,NYSE,South Korea,ETF
EWZ,iShares MSCI Brazil ETF,Broad Market,NYSE,Brazil,ETF
EZA,iShares MSCI South Africa ETF,Broad Market,NYSE,South Africa,ETF
FXI,iShares China Large-Cap ETF,Broad Market,NYSE,China,ETF
GLD,SPDR Gold Shares ETF,Commodities,NYSE,US,ETF
HACK,ETFMG Prime Cyber Security ETF,Technology,NYSE,US,ETF
IBB,iShares Biotechnology ETF,Health Care,NASDAQ,US,ETF
IEUR,iShares Core MSCI Europe ETF,Broad Market,NASDAQ,Europe,ETF
INDA,iShares MSCI India ETF,Broad Market,NYSE,India,ETF
INDY,iShares India 50 ETF,Broad Market,NASDAQ,India,ETF
ITB,iShares U.S. Home Construction ETF,Consumer Discretionary,NYSE,US,ETF
IWM,iShares Russell 2000 ETF,Broad Market,NYSE,US,ETF
JETS,US Global Jets ETF,Industrials,NYSE,US,ETF
KWEB,KraneShares CSI China Internet ETF,Technology,NYSE,China,ETF
MCHI,iShares MSCI China ETF,Broad Market,NASDAQ,China,ETF
QQQ,Invesco Nasdaq 100 ETF,Broad Market,NASDAQ,US,ETF
SLV,iShares Silver Trust ETF,Commodities,NYSE,US,ETF
SOXX,iShares Semiconductor ETF,Technology,NASDAQ,US,ETF
SPY,SPDR S&P 500 ETF,Broad Market,NYSE,US,ETF
USO,United States Oil Fund ETF,Commodities,NYSE,US,ETF
VEA,Vanguard Developed Markets ETF,Broad Market,NYSE,International,ETF
VGK,Vanguard European Stock ETF,Broad Market,NYSE,Europe,ETF
VTI,Vanguard Total Stock Market ETF,Broad Market,NYSE,US,ETF
VWO,Vanguard Emerging Markets ETF,Broad Market,NYSE,Emerging Markets,ETF
XLB,Materials Select Sector SPDR ETF,Materials,NYSE,US,ETF
XLC,Communication Services Select Sector SPDR ETF,Communication Services,NYSE,US,ETF
XLE,Energy Select Sector SPDR ETF,Energy,NYSE,US,ETF
XLF,Financial Select Sector SPDR ETF,Financials,NYSE,US,ETF
XLI,Industrial Select Sector SPDR ETF,Industrials,NYSE,US,ETF
XLK,Technology Select Sector SPDR ETF,Technology,NYSE,US,ETF
XLP,Consumer Staples Select Sector SPDR ETF,Consumer Staples,NYSE,US,ETF
XLRE,Real Estate Select Sector SPDR ETF,Real Estate,NYSE,US,ETF
XLU,Utilities Select Sector SPDR ETF,Utilities,NYSE,US,ETF
XLV,Health Care Select Sector SPDR ETF,Health Care,NYSE,US,ETF
XLY,Consumer Discretionary Select Sector SPDR ETF,Consumer Discretionary,NYSE,US,ETF
SIEGY,Siemens AG,Industrials,OTC,Germany,GLOBAL_ADR
BAYRY,Bayer AG,Health Care,OTC,Germany,GLOBAL_ADR
ADDYY,Adidas AG,Consumer Discretionary,OTC,Germany,GLOBAL_ADR
ALIZY,Allianz SE,Financials,OTC,Germany,GLOBAL_ADR
BASFY,BASF SE,Materials,OTC,Germany,GLOBAL_ADR
DTEGY,Deutsche Telekom,Communication Services,OTC,Germany,GLOBAL_ADR
BMWYY,BMW AG,Automotive,OTC,Germany,GLOBAL_ADR
VWAGY,Volkswagen AG,Automotive,OTC,Germany,GLOBAL_ADR
LVMUY,LVMH Moët Hennessy,Consumer Discretionary,OTC,France,GLOBAL_ADR
HESAY,Hermès International,Consumer Discretionary,OTC,France,GLOBAL_ADR
LRLCY,L'Oréal SA,Consumer Staples,OTC,France,GLOBAL_ADR
AXAHY,AXA SE,Financials,OTC,France,GLOBAL_ADR
BNPQY,BNP Paribas,Financials,OTC,France,GLOBAL_ADR
AIQUY,Air Liquide SA,Materials,OTC,France,GLOBAL_ADR
DANOY,Danone SA,Consumer Staples,OTC,France,GLOBAL_ADR
STLA,Stellantis NV,Automotive,NYSE,France,GLOBAL_ADR
DEO,Diageo plc,Consumer Staples,NYSE,UK,GLOBAL_ADR
RELX,RELX plc,Industrials,NYSE,UK,GLOBAL_ADR
NGG,National Grid plc,Utilities,NYSE,UK,GLOBAL_ADR
VOD,Vodafone Group,Communication Services,NASDAQ,UK,GLOBAL_ADR
BAESY,BAE Systems,Industrials,OTC,UK,GLOBAL_ADR
RYCEY,Rolls-Royce Holdings,Industrials,OTC,UK,GLOBAL_ADR
BCS,Barclays plc,Financials,NYSE,UK,GLOBAL_ADR
PUK,Prudential plc,Financials,NYSE,UK,GLOBAL_ADR
SFTBY,SoftBank Group,Technology,OTC,Japan,GLOBAL_ADR
KDDIY,KDDI Corp,Communication Services,OTC,Japan,GLOBAL_ADR
MTSUY,Mitsubishi Corp,Industrials,OTC,Japan,GLOBAL_ADR
PCRFY,Panasonic Holdings,Technology,OTC,Japan,GLOBAL_ADR
FUJIY,Fujitsu Ltd,Technology,OTC,Japan,GLOBAL_ADR
RCRUY,Recruit Holdings,Industrials,OTC,Japan,GLOBAL_ADR
TKOMY,Tokio Marine Holdings,Financials,OTC,Japan,GLOBAL_ADR
DSNKY,Daikin Industries,Industrials,OTC,Japan,GLOBAL_ADR
TCEHY,Tencent Holdings,Technology,OTC,China,GLOBAL_ADR
BEKE,KE Holdings,Real Estate,NYSE,China,GLOBAL_ADR
VIPS,Vipshop Holdings,Consumer Discretionary,NYSE,China,GLOBAL_ADR
MNSO,MINISO Group,Consumer Discretionary,NYSE,China,GLOBAL_ADR
EDU,New Oriental Education,Education,NYSE,China,GLOBAL_ADR
TAL,TAL Education Group,Education,NYSE,China,GLOBAL_ADR
HTHT,H World Group,Consumer Discretionary,NASDAQ,China,GLOBAL_ADR
SBSW,Sibanye Stillwater,Materials,NYSE,South Africa,GLOBAL_ADR
IMPUY,Impala Platinum Holdings,Materials,OTC,South Africa,GLOBAL_ADR
AGLXY,Anglo American plc,Materials,OTC,South Africa,GLOBAL_ADR
BRFS,BRF SA,Consumer Staples,NYSE,Brazil,GLOBAL_ADR
GGB,Gerdau SA,Materials,NYSE,Brazil,GLOBAL_ADR
SID,Companhia Siderurgica Nacional,Materials,NYSE,Brazil,GLOBAL_ADR
TIMB,TIM SA,Communication Services,NYSE,Brazil,GLOBAL_ADR
VIVO,Telefonica Brasil,Communication Services,NYSE,Brazil,GLOBAL_ADR
BAP,Credicorp,Financials,NYSE,Latin America,GLOBAL_ADR
AMX,America Movil,Communication Services,NYSE,Latin America,GLOBAL_ADR
VIST,Vista Energy,Energy,NYSE,Latin America,GLOBAL_ADR
NVS,Novartis AG,Health Care,NYSE,Europe,GLOBAL_ADR
NSRGY,Nestlé SA,Consumer Staples,OTC,Europe,GLOBAL_ADR
RHHBY,Roche Holding AG,Health Care,OTC,Europe,GLOBAL_ADR
RACE,Ferrari NV,Consumer Discretionary,NYSE,Europe,GLOBAL_ADR
TEF,Telefónica SA,Communication Services,NYSE,Europe,GLOBAL_ADR
BBVA,BBVA,Financials,NYSE,Europe,GLOBAL_ADR
VOLVY,Volvo AB,Industrials,OTC,Europe,GLOBAL_ADR
FUTU,Futu Holdings Ltd,Financials,NASDAQ,China,GLOBAL_ADR
BGNE,BeiGene Ltd,Health Care,NASDAQ,China,GLOBAL_ADR
ZAI,Zai Lab Ltd,Health Care,NASDAQ,China,GLOBAL_ADR
JKS,JinkoSolar Holding,Industrials,NYSE,China,GLOBAL_ADR
DQ,Daqo New Energy,Information Technology,NYSE,China,GLOBAL_ADR
TIGR,UP Fintech Holding,Financials,NASDAQ,China,GLOBAL_ADR
LU,Lufax Holding,Financials,NYSE,China,GLOBAL_ADR
YY,JOYY Inc,Communication Services,NASDAQ,China,GLOBAL_ADR
MOMO,Hello Group Inc,Communication Services,NASDAQ,China,GLOBAL_ADR
FINV,FinVolution Group,Financials,NYSE,China,GLOBAL_ADR
BZ,KANZHUN Ltd (BOSS Zhipin),Industrials,NASDAQ,China,GLOBAL_ADR
HCM,HUTCHMED (China) Ltd,Health Care,NASDAQ,China,GLOBAL_ADR
SOHU,Sohu.com Ltd,Communication Services,NASDAQ,China,GLOBAL_ADR
QFIN,360 DigiTech Inc,Financials,NASDAQ,China,GLOBAL_ADR
LEGN,Legend Biotech Corp,Health Care,NASDAQ,China,GLOBAL_ADR
TAK,Takeda Pharmaceutical,Health Care,NYSE,Japan,GLOBAL_ADR
NTTYY,NTT Inc,Communication Services,OTC,Japan,GLOBAL_ADR
HTHIY,Hitachi Ltd,Industrials,OTC,Japan,GLOBAL_ADR
CANYY,Canon Inc,Information Technology,OTC,Japan,GLOBAL_ADR
NSANY,Nissan Motor Co,Consumer Discretionary,OTC,Japan,GLOBAL_ADR
SSUMY,Sumitomo Corporation,Industrials,OTC,Japan,GLOBAL_ADR
MSBHY,Mitsubishi Corporation,Industrials,OTC,Japan,GLOBAL_ADR
MARUY,Marubeni Corporation,Industrials,OTC,Japan,GLOBAL_ADR
MZDAF,Mazda Motor Corporation,Consumer Discretionary,OTC,Japan,GLOBAL_ADR
NDEKY,Nidec Corporation,Industrials,OTC,Japan,GLOBAL_ADR
WPP,WPP plc,Communication Services,NASDAQ,UK,GLOBAL_ADR
EXPGY,Experian plc,Industrials,OTC,UK,GLOBAL_ADR
TSCDY,Tesco plc,Consumer Staples,OTC,UK,GLOBAL_ADR
IMBBY,Imperial Brands plc,Consumer Staples,OTC,UK,GLOBAL_ADR
AVVIY,Aviva plc,Financials,OTC,UK,GLOBAL_ADR
SCBFF,Standard Chartered plc,Financials,OTC,UK,GLOBAL_ADR
LNSTY,London Stock Exchange Group,Financials,OTC,UK,GLOBAL_ADR
PSO,Pearson plc,Communication Services,NYSE,UK,GLOBAL_ADR
HEINY,Heineken NV,Consumer Staples,OTC,Netherlands,GLOBAL_ADR
WTKWY,Wolters Kluwer NV,Industrials,OTC,Netherlands,GLOBAL_ADR
AKZOY,AkzoNobel NV,Materials,OTC,Netherlands,GLOBAL_ADR
ADRNY,Ahold Delhaize NV,Consumer Staples,OTC,Netherlands,GLOBAL_ADR
ATLKY,Atlas Copco AB,Industrials,OTC,Sweden,GLOBAL_ADR
SDVKY,Sandvik AB,Industrials,OTC,Sweden,GLOBAL_ADR
ASAZY,ASSA ABLOY AB,Industrials,OTC,Sweden,GLOBAL_ADR
EQNR,Equinor ASA,Energy,NYSE,Norway,GLOBAL_ADR
YARIY,Yara International ASA,Materials,OTC,Norway,GLOBAL_ADR
NTOIY,Neste OYJ,Energy,OTC,Finland,GLOBAL_ADR
DNNGY,Orsted AS,Utilities,OTC,Denmark,GLOBAL_ADR
AMKBY,A.P. Moller-Maersk AS,Industrials,OTC,Denmark,GLOBAL_ADR
CABGY,Carlsberg AS,Consumer Staples,OTC,Denmark,GLOBAL_ADR
GMAB,Genmab AS,Health Care,NASDAQ,Denmark,GLOBAL_ADR
ZURVY,Zurich Insurance Group,Financials,OTC,Switzerland,GLOBAL_ADR
ABBNY,ABB Ltd,Industrials,OTC,Switzerland,GLOBAL_ADR
GIVNY,Givaudan SA,Materials,OTC,Switzerland,GLOBAL_ADR
LZAGY,Lonza Group AG,Health Care,OTC,Switzerland,GLOBAL_ADR
UNCRY,UniCredit SpA,Financials,OTC,Italy,GLOBAL_ADR
ISNPY,Intesa Sanpaolo SpA,Financials,OTC,Italy,GLOBAL_ADR
REPYY,Repsol SA,Energy,OTC,Spain,GLOBAL_ADR
IBDRY,Iberdrola SA,Utilities,OTC,Spain,GLOBAL_ADR
IDEXY,Inditex SA (Zara),Consumer Discretionary,OTC,Spain,GLOBAL_ADR
BUD,Anheuser-Busch InBev,Consumer Staples,NYSE,Belgium,GLOBAL_ADR
EADSY,Airbus SE,Industrials,OTC,France,GLOBAL_ADR
XP,XP Inc,Financials,NASDAQ,Brazil,GLOBAL_ADR
ELP,Copel SA,Utilities,NYSE,Brazil,GLOBAL_ADR
FMX,Fomento Economico Mexicano (FEMSA),Consumer Staples,NYSE,Mexico,GLOBAL_ADR
CX,CEMEX SAB de CV,Materials,NYSE,Mexico,GLOBAL_ADR
BSMX,Banco Santander Mexico,Financials,NYSE,Mexico,GLOBAL_ADR
SQM,Sociedad Quimica y Minera,Materials,NYSE,Chile,GLOBAL_ADR
BCH,Banco de Chile,Financials,NYSE,Chile,GLOBAL_ADR
CIB,Bancolombia SA,Financials,NYSE,Colombia,GLOBAL_ADR
EC,Ecopetrol SA,Energy,NYSE,Colombia,GLOBAL_ADR
BVN,Cia de Minas Buenaventura,Materials,NYSE,Peru,GLOBAL_ADR
CAAP,Corporacion America Airports,Industrials,NYSE,Argentina,GLOBAL_ADR
DESP,Despegar.com SA,Consumer Discretionary,NASDAQ,Argentina,GLOBAL_ADR
CPA,Copa Holdings SA,Industrials,NYSE,Panama,GLOBAL_ADR
HMY,Harmony Gold Mining,Materials,NYSE,South Africa,GLOBAL_ADR
SSL,Sasol Ltd,Energy,NYSE,South Africa,GLOBAL_ADR
MTNOY,MTN Group Ltd,Communication Services,OTC,South Africa,GLOBAL_ADR
NPSNY,Naspers Ltd,Consumer Discretionary,OTC,South Africa,GLOBAL_ADR
SGBLY,Standard Bank Group,Financials,OTC,South Africa,GLOBAL_ADR
FANDY,FirstRand Ltd,Financials,OTC,South Africa,GLOBAL_ADR
AGRPY,Absa Group Ltd,Financials,OTC,South Africa,GLOBAL_ADR
DSYPY,Discovery Ltd,Financials,OTC,South Africa,GLOBAL_ADR
RNMBY,Rheinmetall AG,Industrials,OTC,Germany,GLOBAL_ADR
HNNMY,Hensoldt AG,Industrials,OTC,Germany,GLOBAL_ADR
MTUAY,MTU Aero Engines,Industrials,OTC,Germany,GLOBAL_ADR
TKAMY,ThyssenKrupp AG,Industrials,OTC,Germany,GLOBAL_ADR
MBGAF,Mercedes-Benz Group,Consumer Discretionary,OTC,Germany,GLOBAL_ADR
POAHY,Porsche AG,Consumer Discretionary,OTC,Germany,GLOBAL_ADR
IFNNY,Infineon Technologies,Information Technology,OTC,Germany,GLOBAL_ADR
DLAKY,Deutsche Lufthansa,Industrials,OTC,Germany,GLOBAL_ADR
RWEOY,RWE AG,Utilities,OTC,Germany,GLOBAL_ADR
CCOEY,Continental AG,Consumer Discretionary,OTC,Germany,GLOBAL_ADR
KNBWY,Knorr-Bremse AG,Industrials,OTC,Germany,GLOBAL_ADR
VONOY,Vonovia SE,Real Estate,OTC,Germany,GLOBAL_ADR
SNY,Sanofi SA,Health Care,NYSE,France,GLOBAL_ADR
MGDDY,Michelin SA,Consumer Discretionary,OTC,France,GLOBAL_ADR
PRNDY,Pernod Ricard SA,Consumer Staples,OTC,France,GLOBAL_ADR
VCISY,Vinci SA,Industrials,OTC,France,GLOBAL_ADR
KRYAY,Kering SA,Consumer Discretionary,OTC,France,GLOBAL_ADR
SBGSY,Schneider Electric SE,Industrials,OTC,France,GLOBAL_ADR
CGEMY,Capgemini SE,Information Technology,OTC,France,GLOBAL_ADR
SAABY,Saab AB,Industrials,OTC,Sweden,GLOBAL_ADR
HXGBY,Hexagon AB,Information Technology,OTC,Sweden,GLOBAL_ADR
SKFRY,SKF AB,Industrials,OTC,Sweden,GLOBAL_ADR
SWGAY,Swatch Group AG,Consumer Discretionary,OTC,Switzerland,GLOBAL_ADR
CFRUY,Compagnie Financiere Richemont,Consumer Discretionary,OTC,Switzerland,GLOBAL_ADR
HCMLY,Holcim Group,Materials,OTC,Switzerland,GLOBAL_ADR
JBAXY,Julius Baer Group,Financials,OTC,Switzerland,GLOBAL_ADR
PRYMY,Prysmian Group,Industrials,OTC,Italy,GLOBAL_ADR
MONRY,Moncler SpA,Consumer Discretionary,OTC,Italy,GLOBAL_ADR
SSNLF,Samsung Electronics,Information Technology,OTC,South Korea,GLOBAL_ADR
HYMLF,Hyundai Motor Company,Consumer Discretionary,OTC,South Korea,GLOBAL_ADR
NTR,Nutrien Ltd,Materials,NYSE,Canada,GLOBAL_ADR
ASTE,Astec Industries,Industrials,NASDAQ,US,SP500
TEX,Terex Corporation,Industrials,NYSE,US,SP500
VEGI,iShares MSCI Global Agriculture ETF,Commodities,NYSE,US,ETF
PDBA,Invesco Agriculture Commodity Strategy No K-1 ETF,Commodities,NASDAQ,US,ETF
IFS,Intercorp Financial Services,Financials,NYSE,Peru,GLOBAL_ADR
LTM,LATAM Airlines Group,Industrials,NYSE,Chile,GLOBAL_ADR
CCU,Compania Cervecerias Unidas,Consumer Staples,NYSE,Chile,GLOBAL_ADR
CPAC,Cementos Pacasmayo,Materials,NYSE,Peru,GLOBAL_ADR
MURGY,Munich Re,Financials,OTC,Germany,GLOBAL_ADR
DHLGY,Deutsche Post DHL Group,Industrials,OTC,Germany,GLOBAL_ADR
SAFRY,Safran SA,Industrials,OTC,France,GLOBAL_ADR
UCBJY,UCB SA,Health Care,OTC,Belgium,GLOBAL_ADR
AMADY,Amadeus IT Group,Information Technology,OTC,Spain,GLOBAL_ADR
ASMIY,ASM International NV,Information Technology,OTC,Netherlands,GLOBAL_ADR
EONGY,E.ON SE,Utilities,OTC,Germany,GLOBAL_ADR
FSNUY,Fresenius SE & Co.,Health Care,OTC,Germany,GLOBAL_ADR
HENKY,Henkel AG & Co.,Consumer Staples,OTC,Germany,GLOBAL_ADR
BDRFY,Beiersdorf AG,Consumer Staples,OTC,Germany,GLOBAL_ADR
CRZBY,Commerzbank AG,Financials,OTC,Germany,GLOBAL_ADR
DBOEY,Deutsche Boerse AG,Financials,OTC,Germany,GLOBAL_ADR
DTRUY,Daimler Truck Holding AG,Industrials,OTC,Germany,GLOBAL_ADR
BNTGY,Brenntag SE,Industrials,OTC,Germany,GLOBAL_ADR
SMNEY,Siemens Energy AG,Utilities,OTC,Germany,GLOBAL_ADR
SEMHF,Siemens Healthineers AG,Health Care,OTC,Germany,GLOBAL_ADR
QGEN,Qiagen NV,Health Care,NASDAQ,Germany,GLOBAL_ADR
SRTOY,Sartorius AG,Health Care,OTC,Germany,GLOBAL_ADR
SYIEY,Symrise AG,Materials,OTC,Germany,GLOBAL_ADR
HVRRY,Hannover Rueck SE,Financials,OTC,Germany,GLOBAL_ADR
ZLNDY,Zalando SE,Consumer Discretionary,OTC,Germany,GLOBAL_ADR
ESLOY,EssilorLuxottica SA,Consumer Discretionary,OTC,France,GLOBAL_ADR
DASTY,Dassault Systemes SE,Information Technology,OTC,France,GLOBAL_ADR
ENGIY,Engie SA,Utilities,OTC,France,GLOBAL_ADR
PUBGY,Publicis Groupe SA,Communication Services,OTC,France,GLOBAL_ADR
SCGLY,Societe Generale SA,Financials,OTC,France,GLOBAL_ADR
CRARY,Credit Agricole SA,Financials,OTC,France,GLOBAL_ADR
RNLSY,Renault SA,Consumer Discretionary,OTC,France,GLOBAL_ADR
CRRFY,Carrefour SA,Consumer Staples,OTC,France,GLOBAL_ADR
THLLY,Thales SA,Industrials,OTC,France,GLOBAL_ADR
MT,ArcelorMittal SA,Materials,NYSE,France,GLOBAL_ADR
VEOEY,Veolia Environnement SA,Utilities,OTC,France,GLOBAL_ADR
BOUYY,Bouygues SA,Industrials,OTC,France,GLOBAL_ADR
SGSOY,Saint-Gobain SA,Materials,OTC,France,GLOBAL_ADR
VIVHY,Vivendi SE,Communication Services,OTC,France,GLOBAL_ADR
GLNCY,Glencore plc,Materials,OTC,UK,GLOBAL_ADR
LGGNY,Legal & General Group,Financials,OTC,UK,GLOBAL_ADR
CMPGY,Compass Group plc,Consumer Discretionary,OTC,UK,GLOBAL_ADR
RBGLY,Reckitt Benckiser Group,Consumer Staples,OTC,UK,GLOBAL_ADR
FLUT,Flutter Entertainment plc,Consumer Discretionary,NYSE,UK,GLOBAL_ADR
SNN,Smith & Nephew plc,Health Care,NYSE,UK,GLOBAL_ADR
ASHTF,Ashtead Group plc,Industrials,OTC,UK,GLOBAL_ADR
BTGOF,BT Group plc,Communication Services,OTC,UK,GLOBAL_ADR
SSEZF,SSE plc,Utilities,OTC,UK,GLOBAL_ADR
ARZGY,Assicurazioni Generali SpA,Financials,OTC,Italy,GLOBAL_ADR
FINMF,Leonardo SpA,Industrials,OTC,Italy,GLOBAL_ADR
MDIBY,Mediobanca SpA,Financials,OTC,Italy,GLOBAL_ADR
KYCCF,Keyence Corporation,Information Technology,OTC,Japan,GLOBAL_ADR
SHECY,Shin-Etsu Chemical,Materials,OTC,Japan,GLOBAL_ADR
FRCOY,Fast Retailing Co. Ltd,Consumer Discretionary,OTC,Japan,GLOBAL_ADR
TOELF,Tokyo Electron Ltd,Information Technology,OTC,Japan,GLOBAL_ADR
NISTF,Nippon Steel Corporation,Materials,OTC,Japan,GLOBAL_ADR
BRDCY,Bridgestone Corporation,Consumer Discretionary,OTC,Japan,GLOBAL_ADR
FUJHY,Subaru Corporation,Consumer Discretionary,OTC,Japan,GLOBAL_ADR
KUBTY,Kubota Corporation,Industrials,OTC,Japan,GLOBAL_ADR
SZKMY,Suzuki Motor Corporation,Consumer Discretionary,OTC,Japan,GLOBAL_ADR
MRAAY,Murata Manufacturing Co,Information Technology,OTC,Japan,GLOBAL_ADR
DNZOY,Denso Corporation,Consumer Discretionary,OTC,Japan,GLOBAL_ADR
ALPMY,Astellas Pharma Inc,Health Care,OTC,Japan,GLOBAL_ADR
ASBFY,Asahi Group Holdings,Consumer Staples,OTC,Japan,GLOBAL_ADR
MHVYF,Mitsubishi Heavy Industries,Industrials,OTC,Japan,GLOBAL_ADR
KIMTF,Kia Corporation,Consumer Discretionary,OTC,South Korea,GLOBAL_ADR
NHNCF,NAVER Corporation,Communication Services,OTC,South Korea,GLOBAL_ADR
BYDDY,BYD Company Ltd,Consumer Discretionary,OTC,China,GLOBAL_ADR
CIHKY,China Merchants Bank,Financials,OTC,China,GLOBAL_ADR
YPF,YPF SA,Energy,NYSE,Argentina,GLOBAL_ADR
GGAL,Grupo Financiero Galicia,Financials,NASDAQ,Argentina,GLOBAL_ADR
BMA,Banco Macro SA,Financials,NYSE,Argentina,GLOBAL_ADR
BBAR,BBVA Argentina SA,Financials,NYSE,Argentina,GLOBAL_ADR
PAM,Pampa Energia SA,Utilities,NYSE,Argentina,GLOBAL_ADR
LOMA,Loma Negra Cia Ind,Materials,NYSE,Argentina,GLOBAL_ADR
EDN,Edenor SA,Utilities,NYSE,Argentina,GLOBAL_ADR
CEPU,Central Puerto SA,Utilities,NYSE,Argentina,GLOBAL_ADR
SUPV,Grupo Supervielle SA,Financials,NYSE,Argentina,GLOBAL_ADR
BIOX,Bioceres Crop Solutions,Materials,NASDAQ,Argentina,GLOBAL_ADR
ARGT,Global X MSCI Argentina ETF,Broad Market,NYSE,Argentina,ETF
TV,Grupo Televisa SAB,Communication Services,NYSE,Mexico,GLOBAL_ADR
WMMVY,Walmart de Mexico SAB,Consumer Staples,OTC,Mexico,GLOBAL_ADR
GBOOY,Grupo Financiero Banorte,Financials,OTC,Mexico,GLOBAL_ADR
KCDMF,Kimberly-Clark de Mexico,Consumer Staples,OTC,Mexico,GLOBAL_ADR
EMBVF,Arca Continental SAB,Consumer Staples,OTC,Mexico,GLOBAL_ADR
WEGZY,WEG SA,Industrials,OTC,Brazil,GLOBAL_ADR
BAK,Braskem SA,Materials,NYSE,Brazil,GLOBAL_ADR
BDORY,Banco do Brasil SA,Financials,OTC,Brazil,GLOBAL_ADR
BBD,Banco Bradesco SA,Financials,NYSE,Brazil,GLOBAL_ADR
KSA,iShares MSCI Saudi Arabia ETF,Broad Market,NYSE,Saudi Arabia,ETF
PROSY,Prosus NV,Consumer Discretionary,OTC,South Africa,GLOBAL_ADR
SLLDY,Sanlam Ltd,Financials,OTC,South Africa,GLOBAL_ADR
VDMCY,Vodacom Group Ltd,Communication Services,OTC,South Africa,GLOBAL_ADR
NDBKY,Nedbank Group Ltd,Financials,OTC,South Africa,GLOBAL_ADR
WLWHY,Woolworths Holdings Ltd,Consumer Discretionary,OTC,South Africa,GLOBAL_ADR
GDX,VanEck Gold Miners ETF,Materials,NYSE,US,ETF
GDXJ,VanEck Junior Gold Miners ETF,Materials,NYSE,US,ETF
DBC,Invesco DB Commodity Index Fund,Commodities,NYSE,US,ETF
DBA,Invesco DB Agriculture Fund,Commodities,NYSE,US,ETF
UNG,United States Natural Gas Fund,Commodities,NYSE,US,ETF
COPX,Global X Copper Miners ETF,Materials,NYSE,US,ETF
SIL,Global X Silver Miners ETF,Materials,NYSE,US,ETF
PPLT,Aberdeen Physical Platinum ETF,Commodities,NYSE,US,ETF
PDBC,Invesco Optimum Yield Diversified Commodity,Commodities,NASDAQ,US,ETF
BNO,United States Brent Oil Fund,Commodities,NYSE,US,ETF
CORN,Teucrium Corn Fund,Commodities,NYSE,US,ETF
WEAT,Teucrium Wheat Fund,Commodities,NYSE,US,ETF
CPER,United States Copper Index Fund,Commodities,NYSE,US,ETF
REMX,VanEck Rare Earth & Critical Metals ETF,Materials,NYSE,US,ETF
DBB,Invesco DB Base Metals Fund,Commodities,NYSE,US,ETF
RING,iShares MSCI Global Gold Miners ETF,Materials,NYSE,US,ETF
PALL,Aberdeen Physical Palladium ETF,Commodities,NYSE,US,ETF
OIH,VanEck Oil Services ETF,Commodities,NYSE,US,ETF
XES,SPDR S&P Oil & Gas Equipment & Services ETF,Commodities,NYSE,US,ETF
IEZ,iShares U.S. Oil Equipment & Services ETF,Commodities,NYSE,US,ETF
PXJ,Invesco Dynamic Oil & Gas Services ETF,Commodities,NYSE,US,ETF
XOP,SPDR S&P Oil & Gas Exploration & Production ETF,Energy,NYSE,US,ETF
AMLP,Alerian MLP ETF,Energy,NYSE,US,ETF
TAN,Invesco Solar ETF,Clean Energy,NYSE,US,ETF
ICLN,iShares Global Clean Energy ETF,Clean Energy,NYSE,US,ETF
LIT,Global X Lithium & Battery Tech ETF,Clean Energy,NYSE,US,ETF
EWH,iShares MSCI Hong Kong ETF,Broad Market,NYSE,US,ETF
EWS,iShares MSCI Singapore ETF,Broad Market,NYSE,US,ETF
EWL,iShares MSCI Switzerland ETF,Broad Market,NYSE,US,ETF
EWD,iShares MSCI Sweden ETF,Broad Market,NYSE,US,ETF
EWN,iShares MSCI Netherlands ETF,Broad Market,NYSE,US,ETF
ECH,iShares MSCI Chile ETF,Broad Market,NYSE,US,ETF
EPU,iShares MSCI Peru ETF,Broad Market,NYSE,US,ETF
GXG,Global X MSCI Colombia ETF,Broad Market,NYSE,US,ETF
TLT,iShares 20+ Year Treasury Bond ETF,Fixed Income,NYSE,US,ETF
AGG,iShares Core US Aggregate Bond ETF,Fixed Income,NYSE,US,ETF
HYG,iShares iBoxx High Yield Corporate Bond ETF,Fixed Income,NYSE,US,ETF
LQD,iShares iBoxx Investment Grade Corporate Bond ETF,Fixed Income,NYSE,US,ETF
EMB,iShares JP Morgan USD Emerging Markets Bond ETF,Fixed Income,NYSE,US,ETF
KRE,SPDR S&P Regional Banking ETF,Financials,NYSE,US,ETF
KBE,SPDR S&P Bank ETF,Financials,NYSE,US,ETF
DRIV,Global X Autonomous & Electric Vehicles ETF,Technology,NYSE,US,ETF
IDRV,iShares Self-Driving EV and Tech ETF,Technology,NYSE,US,ETF
CIBR,First Trust NASDAQ Cybersecurity ETF,Technology,NYSE,US,ETF
BUG,Global X Cybersecurity ETF,Technology,NYSE,US,ETF
